arm,dauc,ci_lo,ci_hi
"WS-002 W0 vs workload null, 30 d (pitcher, all-cause)",0.0076091943042868,0.0029916414419686,0.0123257268187639
"WS-002 full ladder vs null, 30 d",0.0091050085943251,-0.0048992082048543,0.0221439694060271
"WS-003 W0 vs null, shoulder",0.037871902662606094,0.01921770937017383,0.05698569947805035
"WS-003 W0 vs null, elbow",-0.011672848852973372,-0.033868088707694755,0.008965697832319744
WS-004 M3 persistence over W0,0.006389505009488539,0.0022600823176918026,0.01015487471339151
WS-007 elbow recurrence over M5,0.0043,-0.0144,0.023
WS-007 shoulder recurrence over M5,-0.0011,-0.0177,0.0162
WS-008 composite vs null,0.012,0.0064,0.0178
"WS-008 composite, index ablated",0.0043,-0.0004,0.0091
WS-009 catcher knee,0.0012,-0.0144,0.0139
WS-009 catcher thumb/hand,-0.01,-0.0234,0.0007
WS-009 catcher concussion,-0.0006,-0.024,0.0233
WS-010 batter oblique,-0.0009,-0.0131,0.0105
WS-010 batter hamstring,0.0059,-0.0011,0.0132
WS-010 batter hand/wrist,-0.0042,-0.0188,0.0094
