model,label,grid,t,nb_model,nb_workload,nb_treat_all,nb_treat_none
P2,all,full,0.01,0.10250239154531789,0.10250007170418061,0.1024956429165549,0.0
P2,all,full,0.015,0.0979925625657622,0.09798207028934944,0.09793978323592828,0.0
P2,all,full,0.02,0.09345333256068421,0.09347208066456916,0.09333743519121362,0.0
P2,all,full,0.025,0.08883938704800572,0.08882386195731777,0.0886878835768096,0.0
P2,all,full,0.03,0.08407197553462054,0.08400245204816621,0.08399039844060757,0.0
P2,all,full,0.035,0.0789411168066216,0.07886495870586617,0.07924423470195788,0.0
P2,all,full,0.04,0.07392753744223594,0.07387447107622071,0.07444863175769723,0.0
P2,all,full,0.045,0.068873156236418,0.06888146393975778,0.06960281307580038,0.0
P2,all,full,0.05,0.064079628669134,0.06401699295842747,0.06470598577619932,0.0
P2,all,full,0.055,0.05919825848421138,0.05892098223399375,0.0597573401982956,0.0
P2,all,full,0.06,0.054330482001784,0.053732111063332255,0.05475604945466952,0.0
P2,all,full,0.065,0.04873292758195342,0.04854636025113235,0.04970126897046989,0.0
P2,all,full,0.07,0.043903592191684125,0.043426977088350915,0.044592136007945524,0.0
P2,all,full,0.075,0.038692504931856865,0.0380943621088936,0.03942776917555606,0.0
P2,all,full,0.08,0.03289101023231494,0.032867408370309575,0.03420726792107538,0.0
P2,all,full,0.085,0.02753130416448754,0.027822691423402796,0.028929712008075786,0.0
P2,all,full,0.09,0.02286226384272151,0.02244010374125624,0.02359416097515314,0.0
P2,all,full,0.095,0.018702238828696052,0.017762472465664557,0.018199653577225805,0.0
P2,all,full,0.1,0.014761149156505768,0.013241653211588066,0.012745207208210388,0.0
P2,all,full,0.105,0.011988614997298613,0.010303049530967001,0.007229817304345645,0.0
P2,all,full,0.11,0.009619390702326945,0.0075432632126161,0.0016524567274037588,0.0
P2,all,full,0.115,0.0077171677995355285,0.0056386294598749255,-0.003987924873006379,0.0
P2,all,full,0.12,0.005626774678470021,0.00410738418087675,-0.009692401718875726,0.0
P2,all,full,0.125,0.00385060488200625,0.0030214273783674174,-0.015462072585840744,0.0
P2,all,full,0.13,0.0023467992911845384,0.0017034033509385291,-0.02129806150874787,0.0
P2,all,full,0.135,0.0015094120111880174,0.0007579041680867305,-0.02720151851168863,0.0
P2,all,full,0.14,0.0008399982908705288,-0.0002068435097750572,-0.03317362036350076,0.0
P2,all,full,0.145,0.00046042741729888405,-0.00038692508231773096,-0.03921557135977853,0.0
P2,all,full,0.15,0.00011298990950982073,-0.0003770424154295089,-0.045328604132483116,0.0
P2,all,full,0.155,0.0002557315999260736,-0.0001286070509773147,-0.051513980488296626,0.0
P2,all,full,0.16,0.0001719996500353935,-6.263571070653082e-05,-0.05777299227691747,0.0
P2,all,full,0.165,0.00011739507455774904,-4.125705495639754e-06,-0.0641069622905517,0.0
P2,all,full,0.17,-7.647090785054423e-05,0.0,-0.0705172451959165,0.0
P2,all,full,0.175,-0.00021890864549959266,0.0,-0.07700522850013412,0.0
P2,all,full,0.18,-0.0002016564344698064,0.0,-0.08357233355196418,0.0
P2,all,full,0.185,-0.00024810914445511307,0.0,-0.09022001657989039,0.0
P2,all,full,0.19,-0.0002464186808042941,0.0,-0.09694976976865512,0.0
P2,all,full,0.195,-0.00024237296751657578,0.0,-0.10376312237591388,0.0
P2,all,full,0.2,-0.0002244446300317354,0.0,-0.11066164189076332,0.0
P2,all,full,0.205,-0.00022388655504116355,0.0,-0.1176469352359882,0.0
P2,all,full,0.21,-0.0001823571324367352,0.0,-0.12472065001596284,0.0
P2,all,full,0.215,-0.00019894484759441636,0.0,-0.13188447581224283,0.0
P2,all,full,0.22,-0.00017184669347689222,0.0,-0.139140145528988,0.0
P2,all,full,0.225,-0.00014143547578894058,0.0,-0.1464894367904654,0.0
P2,all,full,0.23,-9.300454014000032e-05,0.0,-0.15393417339300086,0.0
P2,all,full,0.235,-8.965503689366174e-05,0.0,-0.16147622681387014,0.0
P2,all,full,0.24,-0.00010219510694223448,0.0,-0.16911751777975087,0.0
P2,all,full,0.245,-0.00012084682374725812,0.0,-0.17686001789749756,0.0
P2,all,full,0.25,-0.00012527142141306166,0.0,-0.18470575135014755,0.0
P2,all,full,0.255,-0.00012204855486664058,0.0,-0.19265679666122237,0.0
P2,all,full,0.26,-9.649285162897991e-05,0.0,-0.20071528853055498,0.0
P2,all,full,0.265,-9.203614634429017e-05,0.0,-0.20888341974504854,0.0
P2,all,full,0.27,-5.634353885473321e-05,0.0,-0.21716344316795988,0.0
P2,all,full,0.275,-5.0396548844335156e-05,0.0,-0.22555767381049752,0.0
P2,all,full,0.28,-4.4076981608299475e-05,0.0,-0.2340684909897371,0.0
P2,all,full,0.285,-2.9054793544521275e-05,0.0,-0.24269834057707773,0.0
P2,all,full,0.29,-2.176076334405296e-05,0.0,-0.25144973734170517,0.0
P2,all,full,0.295,-3.494569202539308e-05,0.0,-0.26032526739377393,0.0
P2,all,full,0.3,-2.6843876017084634e-05,0.0,-0.26932759073230095,0.0
P2,all,full,0.305,-1.8325076034044988e-05,0.0,-0.27845944390303684,0.0
P2,all,full,0.31,-9.38022720725824e-06,0.0,-0.2877236427718995,0.0
P2,all,full,0.315,-9.601094341876986e-06,0.0,-0.2971230854198696,0.0
P2,all,full,0.32,-9.82520952259307e-06,0.0,-0.306660755165604,0.0
P2,all,full,0.325,-1.005264492820865e-05,0.0,-0.31633972372238617,0.0
P2,all,full,0.33,-1.0283474892117e-05,0.0,-0.3261631544964339,0.0
P2,all,full,0.335,-1.0517775983302167e-05,0.0,-0.33613430603400096,0.0
P2,all,full,0.34,-1.0755627091020444e-05,0.0,-0.3462565356251678,0.0
P2,all,full,0.345,-1.099710951336037e-05,0.0,-0.356533303072688,0.0
P2,all,full,0.35,-1.1242307049890146e-05,0.0,-0.3669681746347856,0.0
P2,all,full,0.355,-1.149130609861418e-05,0.0,-0.3775648271513343,0.0
P2,all,full,0.36,-1.1744195757474527e-05,0.0,-0.3883270523634541,0.0
P2,all,full,0.365,-1.2001067930647636e-05,0.0,-0.3992587614371822,0.0
P2,all,full,0.37,-1.226201743990286e-05,0.0,-0.4103639897025566,0.0
P2,all,full,0.375,-1.2527142141306164e-05,0.0,-0.42164690162017704,0.0
P2,all,full,0.38,-1.2796543047570811e-05,0.0,-0.4331117959880817,0.0
P2,all,full,0.385,-1.307032445637635e-05,0.0,-0.4447631114026189,0.0
P2,all,full,0.39,-1.334859408499837e-05,0.0,-0.4566054319878864,0.0
P2,all,full,0.395,-1.3631463211614145e-05,0.0,-0.4686434934092739,0.0
P2,all,full,0.4,-1.3919046823673514e-05,0.0,-0.48088218918768455,0.0
P2,all,full,0.405,-1.421146377375069e-05,0.0,-0.4933265773321188,0.0
P2,all,full,0.41,-1.4508836943320696e-05,0.0,-0.5059818873095094,0.0
P2,all,full,0.415,-1.4811293414934636e-05,0.0,-0.5188535273719841,0.0
P2,all,full,0.42,-1.511896465330054e-05,0.0,-0.5319470922631218,0.0
P2,all,full,0.425,-1.543198669581194e-05,0.0,-0.5452683713262795,0.0
P2,all,full,0.43,-1.575050035310424e-05,0.0,-0.5588233570396677,0.0
P2,all,full,0.435,-1.6074651420260123e-05,0.0,-0.5726182540046206,0.0
P2,all,full,0.44,-1.6404590899329498e-05,0.0,-0.5866594884153762,0.0
P2,all,full,0.445,-1.6740475233877606e-05,0.0,-0.60095371804074,0.0
P2,all,full,0.45,-1.7082466556326586e-05,0.0,-0.6155078427502012,0.0
P2,all,full,0.455,-1.7430732948912247e-05,0.0,-0.6303290156194692,0.0
P2,all,full,0.46,-1.778544871913838e-05,0.0,-0.6454246546529827,0.0
P2,all,full,0.465,-1.8146794690677154e-05,0.0,-0.6608024551637585,0.0
P2,all,full,0.47,-1.8514958510735524e-05,0.0,-0.6764704028539823,0.0
P2,all,full,0.475,-1.8890134974985484e-05,0.0,-0.6924367876430678,0.0
P2,all,full,0.48,-1.927252637124025e-05,0.0,-0.7087102182934819,0.0
P2,all,full,0.485,-1.966234284315045e-05,0.0,-0.7252996378885643,0.0
P2,all,full,0.49,-2.0059802775294182e-05,0.0,-0.7422143402208052,0.0
P2,all,full,0.495,-2.0465133201143733e-05,0.0,-0.7594639871536845,0.0
P2,all,full,0.5,-2.0878570235510272e-05,0.0,-0.7770586270252213,0.0
P2,all,ablated,0.01,0.07377480906892671,0.07376849729790906,0.0737584855231914,0.0
P2,all,ablated,0.015,0.06912423696538357,0.06914272151656445,0.069056751947167,0.0
P2,all,ablated,0.02,0.06444951607016433,0.06444292002515291,0.06430704149791784,0.0
P2,all,ablated,0.025,0.0596754678202642,0.05946441693048028,0.059508616069702036,0.0
P2,all,ablated,0.03,0.05471470110645369,0.054432811982842305,0.05466072233810257,0.0
P2,all,ablated,0.035,0.04978011930160664,0.04941984765209391,0.049762591365761125,0.0
P2,all,ablated,0.04,0.04455846441140558,0.044417510593981184,0.04481343819579113,0.0
P2,all,ablated,0.045,0.039685773624794266,0.03930243865568781,0.03981246143241831,0.0
P2,all,ablated,0.05,0.03464883929280214,0.03446965830866759,0.034758842808378404,0.0
P2,all,ablated,0.055,0.02988990467982064,0.029808846615569304,0.029651746738581466,0.0
P2,all,ablated,0.06,0.024974441495092307,0.02467049012731115,0.024490319859531373,0.0
P2,all,ablated,0.065,0.020204939236081104,0.019680665355405844,0.019273690553967368,0.0
P2,all,ablated,0.07,0.016761543327008216,0.01614525049060153,0.014000968460171487,0.0
P2,all,ablated,0.075,0.012970177676060027,0.013573495926437109,0.008671243965361619,0.0
P2,all,ablated,0.08,0.01035477736245,0.01048687033341765,0.003283587682564662,0.0
P2,all,ablated,0.085,0.0077857961175222465,0.007935095013204944,-0.002162950089661761,0.0
P2,all,ablated,0.09,0.005790008311016715,0.005987957313102758,-0.007669339925319235,0.0
P2,all,ablated,0.095,0.004715953529733183,0.004084064565052541,-0.013236573847558566,0.0
P2,all,ablated,0.1,0.003047714812420693,0.002588043764514353,-0.018865665924489447,0.0
P2,all,ablated,0.105,0.0016878947539479914,0.001367216418152994,-0.02455765288496145,0.0
P2,all,ablated,0.11,0.0007798106277947647,0.0003370060210774028,-0.030313594755101703,0.0
P2,all,ablated,0.115,9.945742747338032e-05,-0.00043654141361020894,-0.036134575516429956,0.0
P2,all,ablated,0.12,-0.00021449139096197875,-0.0005680593915888031,-0.04202170378640967,0.0
P2,all,ablated,0.125,-0.00043094160741219585,-0.0002185489580447562,-0.04797611352233201,0.0
P2,all,ablated,0.13,-0.0007231893641629948,-0.00021918581756309968,-0.05399896474947184,0.0
P2,all,ablated,0.135,-0.0007618698880174567,-0.00025669672048454783,-0.06009144431449771,0.0
P2,all,ablated,0.14,-0.0004499832133211068,-9.27025550828561e-05,-0.0662547666651634,0.0
P2,all,ablated,0.145,-0.0002609590844884961,-9.324467528801892e-05,-0.07249017465735731,0.0
P2,all,ablated,0.15,-7.731599427101155e-05,-5.450143858448356e-05,-0.07879894039063588,0.0
P2,all,ablated,0.155,-7.165360454605148e-05,-4.347665329217714e-05,-0.08518236607342071,0.0
P2,all,ablated,0.16,-6.771939545048791e-05,-4.104205784878054e-06,-0.09164178491909587,0.0
P2,all,ablated,0.165,-5.0061480142494605e-05,0.0,-0.09817856207430002,0.0
P2,all,ablated,0.17,-4.07577303395872e-05,0.0,-0.10479409558077173,0.0
P2,all,ablated,0.175,-3.787062610592022e-05,0.0,-0.1114898173721703,0.0
P2,all,ablated,0.18,-2.5751388735606802e-05,0.0,-0.11826719430736644,0.0
P2,all,ablated,0.185,-1.7581360057000623e-05,0.0,-0.12512772924176746,0.0
P2,all,ablated,0.19,-8.778440150989169e-06,0.0,-0.1320729621383216,0.0
P2,all,ablated,0.195,6.691639866648979e-07,0.0,-0.13910447121992614,0.0
P2,all,ablated,0.2,5.386770092652447e-06,0.0,-0.14622387416505062,0.0
P2,all,ablated,0.205,1.043474961343996e-05,0.0,-0.15343282934847863,0.0
P2,all,ablated,0.21,1.009167055332357e-05,0.0,-0.16073303712916515,0.0
P2,all,ablated,0.215,-1.1802859311289436e-05,0.0,-0.16812624118731273,0.0
P2,all,ablated,0.22,-1.2154763285985006e-05,0.0,-0.17561422991287245,0.0
P2,all,ablated,0.225,-6.25560397856413e-06,0.0,-0.18319883784779423,0.0
P2,all,ablated,0.23,-6.436140889922403e-06,0.0,-0.19088194718446821,0.0
P2,all,ablated,0.235,-6.619037760906273e-06,0.0,-0.19866548932292877,0.0
P2,all,ablated,0.24,-6.804341169666247e-06,0.0,-0.206551446489527,0.0
P2,all,ablated,0.245,-6.992098928211121e-06,0.0,-0.21454185341992116,0.0
P2,all,ablated,0.25,-7.182360123536595e-06,0.0,-0.22263879910938733,0.0
P2,all,ablated,0.255,-7.37517516041006e-06,0.0,-0.23084442863361143,0.0
P2,all,ablated,0.26,-7.570595805889924e-06,0.0,-0.239160945043298,0.0
P2,all,ablated,0.265,-7.76867523566203e-06,0.0,-0.2475906113361096,0.0
P2,all,ablated,0.27,-7.969468082280331e-06,0.0,-0.25613575250964454,0.0
P2,all,ablated,0.275,-8.173030485403713e-06,0.0,-0.2647987576993663,0.0
P2,all,ablated,0.28,-8.379420144126028e-06,0.0,-0.2735820824056118,0.0
P2,all,ablated,0.285,-8.5886963715018e-06,0.0,-0.2824882508140426,0.0
P2,all,ablated,0.29,-8.800920151375827e-06,0.0,-0.29151985821414156,0.0
P2,all,ablated,0.295,-9.016154197631043e-06,0.0,-0.30067957352062474,0.0
P2,all,ablated,0.3,-9.234463015975622e-06,0.0,-0.309970141902915,0.0
P2,all,ablated,0.305,-9.455912968397098e-06,0.0,-0.31939438752811583,0.0
P2,all,ablated,0.31,-9.68057234041889e-06,0.0,-0.32895521642324715,0.0
P2,all,ablated,0.315,-9.908511411302308e-06,0.0,-0.3386556194628328,0.0
P2,all,ablated,0.32,-1.0139802527345782e-05,0.0,-0.34849867548829494,0.0
P2,all,ablated,0.325,-1.0374520178441748e-05,0.0,-0.3584875545659859,0.0
P2,all,ablated,0.33,-1.0612741078061536e-05,0.0,-0.36862552139110527,0.0
P2,all,ablated,0.335,-1.0854544246848538e-05,0.0,-0.37891593884517366,0.0
P2,all,ablated,0.34,-1.1100011100011103e-05,0.0,-0.389362271715213,0.0
P2,all,ablated,0.345,-1.134922553871813e-05,0.0,-0.3999680905832679,0.0
P2,all,ablated,0.35,-1.160227404571296e-05,0.0,-0.41073707589544683,0.0
P2,all,ablated,0.355,-1.1859245785374376e-05,0.0,-0.4216730222202178,0.0
P2,all,ablated,0.36,-1.2120232708468002e-05,0.0,-0.43277984270631326,0.0
P2,all,ablated,0.365,-1.238532966184657e-05,0.0,-0.44406157375124483,0.0
P2,all,ablated,0.37,-1.2654634503374e-05,0.0,-0.4555223798921277,0.0
P2,all,ablated,0.375,-1.292824822236587e-05,0.0,-0.46716655893126485,0.0
P2,all,ablated,0.38,-1.320627506585761e-05,0.0,-0.47899854730974273,0.0
P2,all,ablated,0.385,-1.348882267103214e-05,0.0,-0.49102292574315526,0.0
P2,all,ablated,0.39,-1.3776002204160353e-05,0.0,-0.5032444251344926,0.0
P2,all,ablated,0.395,-1.4067928506431183e-05,0.0,-0.5156679327802323,0.0
P2,all,ablated,0.4,-1.436472024707319e-05,0.0,-0.5282984988867342,0.0
P2,all,ablated,0.405,-1.4666500084196575e-05,0.0,-0.541141343415194,0.0
P2,all,ablated,0.41,-1.4973394833813575e-05,0.0,-0.5542018632746447,0.0
P2,all,ablated,0.415,-1.52855356475266e-05,0.0,-0.5674856398838298,0.0
P2,all,ablated,0.42,-1.5603058199407082e-05,0.0,-0.5809984471242076,0.0
P2,all,ablated,0.425,-1.5926102882624623e-05,0.0,-0.5947462597078965,0.0
P2,all,ablated,0.43,-1.6254815016424924e-05,0.0,-0.6087352619860358,0.0
P2,all,ablated,0.435,-1.65893450640978e-05,0.0,-0.6229718572248504,0.0
P2,all,ablated,0.44,-1.6929848862621972e-05,0.0,-0.6374626773786437,0.0
P2,all,ablated,0.445,-1.7276487864723163e-05,0.0,-0.652214593391064,0.0
P2,all,ablated,0.45,-1.7629429394135276e-05,0.0,-0.6672347260582554,0.0
P2,all,ablated,0.455,-1.7988846914912757e-05,0.0,-0.6825304574899826,0.0
P2,all,ablated,0.46,-1.835492031570463e-05,0.0,-0.6981094432074824,0.0
P2,all,ablated,0.465,-1.8727836209969255e-05,0.0,-0.713979624919702,0.0
P2,all,ablated,0.47,-1.910778825318226e-05,0.0,-0.7301492440227177,0.0
P2,all,ablated,0.475,-1.9494977478170755e-05,0.0,-0.7466268558705532,0.0
P2,all,ablated,0.48,-1.9889612649793648e-05,0.0,-0.7634213448693086,0.0
P2,all,ablated,0.485,-2.0291910640282998e-05,0.0,-0.7805419404505639,0.0
P2,all,ablated,0.49,-2.07020968266643e-05,0.0,-0.797998233984393,0.0
P2,all,ablated,0.495,-2.1120405511785827e-05,0.0,-0.8158001966971099,0.0
P2,all,ablated,0.5,-2.1547080370609784e-05,0.0,-0.8339581986640809,0.0
P3,shoulder,full,0.005,0.018726293904800434,0.018727657831499236,0.01872818241869108,0.0
P3,shoulder,full,0.0075,0.016024802268895792,0.016200403140473545,0.016256464994053026,0.0
P3,shoulder,full,0.01,0.013362917634673106,0.01347279374672059,0.01377226414807841,0.0
P3,shoulder,full,0.0125,0.01089940652003391,0.010914999376285749,0.01127548506997228,0.0
P3,shoulder,full,0.015,0.008481786679938513,0.008519622464578498,0.00876603198639353,0.0
P3,shoulder,full,0.0175,0.006413546143871518,0.005690074465837983,0.006243808149208781,0.0
P3,shoulder,full,0.02,0.004396004267750194,0.0036149753036340635,0.0037087158230587995,0.0
P3,shoulder,full,0.0225,0.0028599369392421845,0.0018573383849149715,0.0011606562727341473,0.0
P3,shoulder,full,0.025,0.0016381647415554205,0.0006814979464052455,-0.001400470249643463,0.0
P3,shoulder,full,0.0275,0.0010338380973686353,0.00011781095544201748,-0.003974764517637404,0.0
P3,shoulder,full,0.03,0.0005822322936809817,-0.0002470989549522248,-0.006562328343713789,0.0
P3,shoulder,full,0.0325,0.0004307351544194163,-0.00028140212493132184,-0.00916326459266395,0.0
P3,shoulder,full,0.035,0.0002575744856515541,-0.00028072481741528064,-0.011777677195235627,0.0
P3,shoulder,full,0.0375,-2.6843876017084746e-05,-7.0499068327696966e-06,-0.01440567116197649,0.0
P3,shoulder,full,0.04,-7.394493625076577e-05,0.0,-0.017047352597294146,0.0
P3,shoulder,full,0.0425,-9.806931554486422e-05,0.0,-0.019702828713736166,0.0
P3,shoulder,full,0.045,-7.826731041165106e-05,0.0,-0.022372207846494636,0.0
P3,shoulder,full,0.0475,-8.630905018616443e-05,0.0,-0.025055599468138977,0.0
P3,shoulder,full,0.05,-0.00014285337529559665,0.0,-0.027753114203581453,0.0
P3,shoulder,full,0.0525,-0.00015810421260135745,0.0,-0.030464863845279543,0.0
P3,shoulder,full,0.055,-0.00015587123070002644,0.0,-0.033190961368679765,0.0
P3,shoulder,full,0.0575,-9.73594866685068e-05,0.0,-0.03593152094790703,0.0
P3,shoulder,full,0.06,-6.307993560515873e-05,0.0,-0.038686657971704654,0.0
P3,shoulder,full,0.0625,-4.4540949835755245e-05,0.0,-0.0414564890596292,0.0
P3,shoulder,full,0.065,-2.6796025970708364e-05,0.0,-0.04424113207850521,0.0
P3,shoulder,full,0.0675,-5.194453935269044e-05,0.0,-0.04704070615914465,0.0
P3,shoulder,full,0.07,-4.310414500234382e-05,0.0,-0.0498553317133359,0.0
P3,shoulder,full,0.0725,-5.5826257880394045e-05,0.0,-0.05268513045110768,0.0
P3,shoulder,full,0.075,-5.022142570163282e-05,0.0,-0.05553022539827283,0.0
P3,shoulder,full,0.0775,-4.0512347665651376e-05,0.0,-0.05839074091425731,0.0
P3,shoulder,full,0.08,-3.721832085460526e-05,0.0,-0.06126680271021998,0.0
P3,shoulder,full,0.0825,-3.731973317301019e-05,0.0,-0.06415853786746853,0.0
P3,shoulder,full,0.085,-3.148899117486796e-05,0.0,-0.06706607485617747,0.0
P3,shoulder,full,0.0875,-2.5168687407190462e-05,0.0,-0.06998954355441356,0.0
P3,shoulder,full,0.09,-2.4549527639556035e-05,0.0,-0.07292907526747514,0.0
P3,shoulder,full,0.0925,-1.7427566890797834e-05,0.0,-0.07588480274755083,0.0
P3,shoulder,full,0.095,-1.1996526544160593e-05,0.0,-0.07885686021370428,0.0
P3,shoulder,full,0.0975,-8.443964693585872e-06,0.0,-0.08184538337219102,0.0
P3,shoulder,full,0.1,-4.639682274557839e-06,0.0,-0.08485050943711375,0.0
P3,shoulder,full,0.1025,-2.966036440142128e-06,0.0,-0.08787237715142326,0.0
P3,shoulder,full,0.105,-1.166400571816218e-06,0.0,-0.09091112680827079,0.0
P3,shoulder,full,0.1075,3.2750698408643557e-06,0.0,-0.09396690027271976,0.0
P3,shoulder,full,0.11,5.395585566480184e-06,0.0,-0.0970398410038229,0.0
P3,shoulder,full,0.1125,4.999094281741896e-06,0.0,-0.1001300940770731,0.0
P3,shoulder,full,0.115,1.0026432034002107e-05,0.0,-0.10323780620723433,0.0
P3,shoulder,full,0.1175,9.759105067589788e-06,0.0,-0.10636312577156073,0.0
P3,shoulder,full,0.12,9.490259197959215e-06,0.0,-0.10950620283341178,0.0
P3,shoulder,full,0.1225,1.213455364115127e-05,0.0,-0.1126671891662705,0.0
P3,shoulder,full,0.125,-8.947958672361545e-06,0.0,-0.11584623827817414,0.0
P3,shoulder,full,0.1275,-6.1020463152494205e-06,0.0,-0.11904350543656433,0.0
P3,shoulder,full,0.13,-3.1197863570302706e-06,0.0,-0.12225914769356594,0.0
P3,shoulder,full,0.1325,-3.188945886115402e-06,0.0,-0.12549332391170304,0.0
P3,shoulder,full,0.135,-3.258505181264609e-06,0.0,-0.12874619479006055,0.0
P3,shoulder,full,0.1375,-3.328467718704536e-06,0.0,-0.1320179228909013,0.0
P3,shoulder,full,0.14,-3.3988370150830678e-06,0.0,-0.13530867266674695,0.0
P3,shoulder,full,0.1425,0.0,0.0,-0.13861861048793278,0.0
P3,shoulder,full,0.145,0.0,0.0,-0.14194790467064605,0.0
P3,shoulder,full,0.1475,0.0,0.0,-0.1452967255054573,0.0
P3,shoulder,full,0.15,0.0,0.0,-0.14866524528635572,0.0
P3,shoulder,full,0.1525,0.0,0.0,-0.15205363834029778,0.0
P3,shoulder,full,0.155,0.0,0.0,-0.1554620810572809,0.0
P3,shoulder,full,0.1575,0.0,0.0,-0.15889075192095237,0.0
P3,shoulder,full,0.16,0.0,0.0,-0.16233983153976475,0.0
P3,shoulder,full,0.1625,0.0,0.0,-0.1658095026786894,0.0
P3,shoulder,full,0.165,0.0,0.0,-0.16929995029149986,0.0
P3,shoulder,full,0.1675,0.0,0.0,-0.17281136155363647,0.0
P3,shoulder,full,0.17,0.0,0.0,-0.17634392589566555,0.0
P3,shoulder,full,0.1725,0.0,0.0,-0.17989783503734424,0.0
P3,shoulder,full,0.175,0.0,0.0,-0.1834732830223059,0.0
P3,shoulder,full,0.1775,0.0,0.0,-0.18707046625337675,0.0
P3,shoulder,full,0.18,0.0,0.0,-0.19068958352853946,0.0
P3,shoulder,full,0.1825,0.0,0.0,-0.1943308360775564,0.0
P3,shoulder,full,0.185,0.0,0.0,-0.19799442759926672,0.0
P3,shoulder,full,0.1875,0.0,0.0,-0.20168056429957215,0.0
P3,shoulder,full,0.19,0.0,0.0,-0.20538945493012636,0.0
P3,shoulder,full,0.1925,0.0,0.0,-0.20912131082774288,0.0
P3,shoulder,full,0.195,0.0,0.0,-0.21287634595453714,0.0
P3,shoulder,full,0.1975,0.0,0.0,-0.21665477693881918,0.0
P3,shoulder,full,0.2,0.0,0.0,-0.22045682311675296,0.0
P3,shoulder,full,0.2025,0.0,0.0,-0.2242827065747992,0.0
P3,shoulder,full,0.205,0.0,0.0,-0.22813265219295895,0.0
P3,shoulder,full,0.2075,0.0,0.0,-0.2320068876888358,0.0
P3,shoulder,full,0.21,0.0,0.0,-0.2359056436625346,0.0
P3,shoulder,full,0.2125,0.0,0.0,-0.23982915364241572,0.0
P3,shoulder,full,0.215,0.0,0.0,-0.24377765413172278,0.0
P3,shoulder,full,0.2175,0.0,0.0,-0.24775138465610527,0.0
P3,shoulder,full,0.22,0.0,0.0,-0.25175058781205434,0.0
P3,shoulder,full,0.2225,0.0,0.0,-0.2557755093162732,0.0
P3,shoulder,full,0.225,0.0,0.0,-0.2598263980560031,0.0
P3,shoulder,full,0.2275,0.0,0.0,-0.26390350614032676,0.0
P3,shoulder,full,0.23,0.0,0.0,-0.26800708895247066,0.0
P3,shoulder,full,0.2325,0.0,0.0,-0.2721374052031302,0.0
P3,shoulder,full,0.235,0.0,0.0,-0.2762947169848397,0.0
P3,shoulder,full,0.2375,0.0,0.0,-0.280479289827413,0.0
P3,shoulder,full,0.24,0.0,0.0,-0.2846913927544768,0.0
P3,shoulder,full,0.2425,0.0,0.0,-0.28893129834112524,0.0
P3,shoulder,full,0.245,0.0,0.0,-0.2931992827727184,0.0
P3,shoulder,full,0.2475,0.0,0.0,-0.29749562590485373,0.0
P3,shoulder,full,0.25,0.0,0.0,-0.3018206113245365,0.0
P3,shoulder,ablated,0.005,0.012082206361680826,0.01214779418435628,0.012190357618395261,0.0
P3,shoulder,ablated,0.0075,0.009350271638901717,0.009575219006035463,0.009702172121212379,0.0
P3,shoulder,ablated,0.01,0.007081682968103447,0.007041346014422372,0.007201420030609378,0.0
P3,shoulder,ablated,0.0125,0.004802671958509513,0.0046943910208231965,0.004688005904104592,0.0
P3,shoulder,ablated,0.015,0.0029802424244881323,0.0033457579448681824,0.0021618333302571412,0.0
P3,shoulder,ablated,0.0175,0.0017032339464665355,0.001579962336110928,-0.00037719508366078,0.0
P3,shoulder,ablated,0.02,0.000791379836156493,0.0005353073363269932,-0.0029291777241803214,0.0
P3,shoulder,ablated,0.0225,0.0001896428656090565,-0.00028091655773042215,-0.005494213984344465,0.0
P3,shoulder,ablated,0.025,-0.00017083598075211997,-0.0003567615749460681,-0.008072404276612016,0.0
P3,shoulder,ablated,0.0275,-0.00023060010435357122,-0.00016430527585267328,-0.010663850045960634,0.0
P3,shoulder,ablated,0.03,-0.00028449699393065866,-0.00016662466742778102,-0.013268653783192492,0.0
P3,shoulder,ablated,0.0325,-0.00017194305372058216,-3.421482117623712e-05,-0.015886919038446218,0.0
P3,shoulder,ablated,0.035,-7.307181609163363e-05,1.339468461888365e-05,-0.01851875043491888,0.0
P3,shoulder,ablated,0.0375,-6.414485491389163e-05,0.0,-0.02116425368280178,0.0
P3,shoulder,ablated,0.04,-0.0001015854333494469,0.0,-0.02382353559343408,0.0
P3,shoulder,ablated,0.0425,-6.941869443794921e-05,0.0,-0.026496704093678027,0.0
P3,shoulder,ablated,0.045,-6.61341528539638e-05,0.0,-0.02918386824052012,0.0
P3,shoulder,ablated,0.0475,-7.44169153344577e-05,0.0,-0.03188513823590206,0.0
P3,shoulder,ablated,0.05,-5.9734447196407964e-05,0.0,-0.03460062544178602,0.0
P3,shoulder,ablated,0.0525,-4.425357609654732e-05,0.0,-0.03733044239545827,0.0
P3,shoulder,ablated,0.055,-3.914403124138512e-05,0.0,-0.04007470282507589,0.0
P3,shoulder,ablated,0.0575,-3.205613692999101e-05,0.0,-0.04283352166546071,0.0
P3,shoulder,ablated,0.06,-2.9514183130140107e-05,0.0,-0.04560701507414544,0.0
P3,shoulder,ablated,0.0625,-2.9424746211563923e-05,0.0,-0.048395300447676495,0.0
P3,shoulder,ablated,0.065,-2.4839071477294224e-05,0.0,-0.05119849643817831,0.0
P3,shoulder,ablated,0.0675,-2.434218759746384e-05,0.0,-0.054016722970184144,0.0
P3,shoulder,ablated,0.07,-2.3729634041583816e-05,0.0,-0.056850101257738414,0.0
P3,shoulder,ablated,0.0725,-2.3000475475346463e-05,0.0,-0.05969875382177543,0.0
P3,shoulder,ablated,0.075,-1.874549469076466e-05,0.0,-0.06256280450778023,0.0
P3,shoulder,ablated,0.0775,-1.5891413459206997e-05,0.0,-0.06544237850373627,0.0
P3,shoulder,ablated,0.08,-1.279336791807127e-05,0.0,-0.06833760235836599,0.0
P3,shoulder,ablated,0.0825,-1.13392365704353e-05,0.0,-0.07124860399966945,0.0
P3,shoulder,ablated,0.085,-1.1714770154486808e-05,0.0,-0.0741755127537669,0.0
P3,shoulder,ablated,0.0875,-1.0076967880672578e-05,0.0,-0.07711845936405118,0.0
P3,shoulder,ablated,0.09,-6.236013718306326e-06,0.0,-0.08007757601065572,0.0
P3,shoulder,ablated,0.0925,-6.426892619999204e-06,0.0,-0.08305299633024432,0.0
P3,shoulder,ablated,0.095,-6.618826101259446e-06,0.0,-0.08604485543612896,0.0
P3,shoulder,ablated,0.0975,-6.811822925906172e-06,0.0,-0.08905328993872212,0.0
P3,shoulder,ablated,0.1,-7.005891955134268e-06,0.0,-0.09207843796632968,0.0
P3,shoulder,ablated,0.1025,-7.201042148870598e-06,0.0,-0.09512043918629161,0.0
P3,shoulder,ablated,0.105,-7.397282567152941e-06,0.0,-0.09817943482647676,0.0
P3,shoulder,ablated,0.1075,-5.0630815810214035e-06,0.0,-0.10125556769713917,0.0
P3,shoulder,ablated,0.11,-5.195380550998446e-06,0.0,-0.10434898221314237,0.0
P3,shoulder,ablated,0.1125,-5.328424867285218e-06,0.0,-0.10745982441655968,0.0
P3,shoulder,ablated,0.115,-2.7311104231879352e-06,0.0,-0.1105882419996573,0.0
P3,shoulder,ablated,0.1175,-2.798387438169778e-06,0.0,-0.11373438432826821,0.0
P3,shoulder,ablated,0.12,-2.8660467089185642e-06,0.0,-0.11689840246556443,0.0
P3,shoulder,ablated,0.1225,-2.9340915025775993e-06,0.0,-0.12008044919623556,0.0
P3,shoulder,ablated,0.125,-3.0025251236289718e-06,0.0,-0.12328067905108195,0.0
P3,shoulder,ablated,0.1275,-3.07135091442849e-06,0.0,-0.1264992483320306,0.0
P3,shoulder,ablated,0.13,-3.1405722557498443e-06,0.0,-0.12973631513758244,0.0
P3,shoulder,ablated,0.1325,-3.210192567338181e-06,0.0,-0.13299203938869938,0.0
P3,shoulder,ablated,0.135,-3.2802153084732703e-06,0.0,-0.1362665828551407,0.0
P3,shoulder,ablated,0.1375,-3.3506439785424757e-06,0.0,-0.13956010918225706,0.0
P3,shoulder,ablated,0.14,0.0,0.0,-0.142872783918252,0.0
P3,shoulder,ablated,0.1425,0.0,0.0,-0.14620477454192035,0.0
P3,shoulder,ablated,0.145,0.0,0.0,-0.14955625049087334,0.0
P3,shoulder,ablated,0.1475,0.0,0.0,-0.15292738319026006,0.0
P3,shoulder,ablated,0.15,0.0,0.0,-0.15631834608199613,0.0
P3,shoulder,ablated,0.1525,0.0,0.0,-0.15972931465450937,0.0
P3,shoulder,ablated,0.155,0.0,0.0,-0.16316046647301385,0.0
P3,shoulder,ablated,0.1575,0.0,0.0,-0.1666119812103225,0.0
P3,shoulder,ablated,0.16,0.0,0.0,-0.17008404067821037,0.0
P3,shoulder,ablated,0.1625,0.0,0.0,-0.17357682885933934,0.0
P3,shoulder,ablated,0.165,0.0,0.0,-0.17709053193975657,0.0
P3,shoulder,ablated,0.1675,0.0,0.0,-0.18062533834197803,0.0
P3,shoulder,ablated,0.17,0.0,0.0,-0.18418143875867074,0.0
P3,shoulder,ablated,0.1725,0.0,0.0,-0.18775902618694465,0.0
P3,shoulder,ablated,0.175,0.0,0.0,-0.19135829596326873,0.0
P3,shoulder,ablated,0.1775,0.0,0.0,-0.19497944579902335,0.0
P3,shoulder,ablated,0.18,0.0,0.0,-0.1986226758167033,0.0
P3,shoulder,ablated,0.1825,0.0,0.0,-0.20228818858678496,0.0
P3,shoulder,ablated,0.185,0.0,0.0,-0.20597618916527205,0.0
P3,shoulder,ablated,0.1875,0.0,0.0,-0.20968688513193443,0.0
P3,shoulder,ablated,0.19,0.0,0.0,-0.21342048662925517,0.0
P3,shoulder,ablated,0.1925,0.0,0.0,-0.2171772064021012,0.0
P3,shoulder,ablated,0.195,0.0,0.0,-0.22095725983813258,0.0
P3,shoulder,ablated,0.1975,0.0,0.0,-0.22476086500896786,0.0
P3,shoulder,ablated,0.2,0.0,0.0,-0.2285882427121209,0.0
P3,shoulder,ablated,0.2025,0.0,0.0,-0.2324396165137263,0.0
P3,shoulder,ablated,0.205,0.0,0.0,-0.23631521279207132,0.0
P3,shoulder,ablated,0.2075,0.0,0.0,-0.24021526078195168,0.0
P3,shoulder,ablated,0.21,0.0,0.0,-0.2441399926198692,0.0
P3,shoulder,ablated,0.2125,0.0,0.0,-0.24808964339009107,0.0
P3,shoulder,ablated,0.215,0.0,0.0,-0.25206445117158816,0.0
P3,shoulder,ablated,0.2175,0.0,0.0,-0.25606465708587434,0.0
P3,shoulder,ablated,0.22,0.0,0.0,-0.26009050534576506,0.0
P3,shoulder,ablated,0.2225,0.0,0.0,-0.2641422433050762,0.0
P3,shoulder,ablated,0.225,0.0,0.0,-0.2682201215092861,0.0
P3,shoulder,ablated,0.2275,0.0,0.0,-0.2723243937471802,0.0
P3,shoulder,ablated,0.23,0.0,0.0,-0.27645531710350224,0.0
P3,shoulder,ablated,0.2325,0.0,0.0,-0.28061315201263415,0.0
P3,shoulder,ablated,0.235,0.0,0.0,-0.284798162313329,0.0
P3,shoulder,ablated,0.2375,0.0,0.0,-0.2890106153045203,0.0
P3,shoulder,ablated,0.24,0.0,0.0,-0.2932507818022325,0.0
P3,shoulder,ablated,0.2425,0.0,0.0,-0.2975189361976194,0.0
P3,shoulder,ablated,0.245,0.0,0.0,-0.30181535651615454,0.0
P3,shoulder,ablated,0.2475,0.0,0.0,-0.3061403244780023,0.0
P3,shoulder,ablated,0.25,0.0,0.0,-0.31049412555959566,0.0
