source,arm,dauc,ci_lo,ci_hi,mde,upper_95
sealed,"WS-002 W0 vs workload null, 30 d (pitcher, all-cause)",0.0076091943042868,0.0029916414419686,0.0123257268187639,0.006667203840568072,0.0123257268187639
sealed,"WS-002 full ladder vs null, 30 d",0.0091050085943251,-0.0048992082048543,0.0221439694060271,0.019316555436343856,0.0221439694060271
sealed,"WS-003 W0 vs null, shoulder",0.037871902662606,0.0192177093701738,0.0569856994780503,0.026977135791340357,0.0569856994780503
sealed,"WS-003 W0 vs null, elbow",-0.0116728488529733,-0.0338680887076947,0.0089656978323197,0.030595561814296,0.0089656978323197
sealed,WS-004 M3 persistence over W0,0.0063895050094885,0.0022600823176918,0.0101548747133915,0.005639137425499785,0.0101548747133915
sealed,WS-007 elbow recurrence over M5,0.0043,-0.0144,0.023,0.026714285714285718,0.023
sealed,WS-007 shoulder recurrence over M5,-0.0011,-0.0177,0.0162,0.024214285714285712,0.0162
sealed,WS-008 composite vs null,0.012,0.0064,0.0178,0.008142857142857143,0.0178
sealed,"WS-008 composite, index ablated",0.0043,-0.0004,0.0091,0.0067857142857142855,0.0091
sealed,WS-009 catcher knee,0.0012,-0.0144,0.0139,0.020214285714285712,0.0139
sealed,WS-009 catcher thumb/hand,-0.01,-0.0234,0.0007,0.017214285714285713,0.0007
sealed,WS-009 catcher concussion,-0.0006,-0.024,0.0233,0.03378571428571429,0.0233
sealed,WS-010 batter oblique,-0.0009,-0.0131,0.0105,0.01685714285714286,0.0105
sealed,WS-010 batter hamstring,0.0059,-0.0011,0.0132,0.010214285714285714,0.0132
sealed,WS-010 batter hand/wrist,-0.0042,-0.0188,0.0094,0.020142857142857143,0.0094
twin,"Twin P1 W0 vs workload null, any IL",0.0055966717893901,0.0009011896006275,0.0101247565616431,0.006588262115011144,0.0101247565616431
twin,"Twin P2 W0+M3 vs workload null, any IL",0.0113137114348138,0.0055067101431925,0.0169951586906615,0.00820603467676357,0.0169951586906615
twin,"Twin P2, index outing removed",0.003421557253626,-0.0013041168153747,0.008062536772112,0.006690466848204785,0.008062536772112
twin,"Twin P3 W0 vs workload null, shoulder",0.0279132221850458,0.0134579714866536,0.0430270302287509,0.021120756244355214,0.0430270302287509
twin,"Twin P3, index outing removed",0.0016189633575824,-0.0087090256046357,0.0123719991433098,0.015057874819961072,0.0123719991433098
twin,"Twin P4 full ladder vs workload null, any IL",0.0033085074098454,-0.0110200831291713,0.0180473294536861,0.020762437559183857,0.0180473294536861
twin,"Twin P1, features through the previous outing",-0.0007547670615714,-0.0037937045925466,0.0022767473763915,0.004336037120670071,0.0022767473763915
twin,Twin batter oblique,0.0010613152972754,-0.0054684507800572,0.0070810674468834,0.008963941590671856,0.0070810674468834
twin,"Twin batter oblique, index game removed",0.001748666687139,-0.0036031935557858,0.0069180159264514,0.007515149630169428,0.0069180159264514
twin,Twin batter hamstring,0.0018634075771797,-0.0033608365031108,0.0074053102395123,0.007690104816159356,0.0074053102395123
twin,"Twin batter hamstring, index game removed",0.0017967508761118,-0.0036414400140348,0.0077452237335915,0.008133331248304499,0.0077452237335915
twin,Twin batter hand/wrist,-0.003621874891354,-0.0182476510019951,0.0087345848599196,0.019273025615653357,0.0087345848599196
twin,"Twin batter hand/wrist, index game removed",-0.0023606049198559,-0.0132922137956115,0.0077247924373074,0.015012147309227782,0.0077247924373074
A1,"A1.1 command vs workload null, any IL",-0.0166061694795895,-0.0542952222541582,0.0206095202714588,0.05350338751829785,0.0206095202714588
A1,"A1.1, index outing removed",-0.0126018559656094,-0.0374501941651257,0.0129599835432017,0.036007269791662425,0.0129599835432017
A1,"A1.2 command over kinematics, any IL",0.0013260041467766,-0.0189864797677158,0.0221160557060667,0.029358953909844644,0.0221160557060667
