season,tid,stints,games_missed,war_lost,war_lost_zeros,war_lost_pace,W,L,team_proj,war_lost_prev,W_prev
2015,108,18,1156,5.293918540758034,4.004040385935908,9.359318176702239,85,77,34.36467282784121,,
2016,108,25,1301,9.053227764973363,7.447795494338126,15.699070084761075,74,88,30.81137778527125,5.293918540758034,85.0
2017,108,25,1473,10.428659850262877,8.27711173430775,16.599886262504718,80,82,35.28019144021747,9.053227764973363,74.0
2018,108,36,2048,9.546212992276066,7.043050728641476,17.120629310179623,80,82,34.22289749672329,10.428659850262877,80.0
2019,108,34,1313,6.969310464334361,5.395008643017596,18.238037529932317,72,90,38.336551480627335,9.546212992276066,80.0
2021,108,25,663,8.0452729773237,5.906793484003944,18.450214061270575,77,85,27.325625744472532,6.969310464334361,72.0
2022,108,22,1228,8.04949251092844,5.096976197419977,10.574461981035974,73,89,26.758855314379197,8.0452729773237,77.0
2023,108,41,1913,10.303974043534096,7.5539671810272875,15.292359813911123,73,89,35.51180427952844,8.04949251092844,73.0
2024,108,31,1996,9.799492252135794,7.843301815218126,16.829748522242415,63,99,25.536576771174257,10.303974043534096,73.0
2025,108,35,1656,5.368445646973164,3.809212795863431,5.3249558458811945,72,90,32.530148427203976,9.799492252135794,63.0
2015,109,19,1190,4.878408395230394,3.0693696202480663,11.913224745975473,79,83,22.825480566004128,,
2016,109,14,663,7.62829614296472,6.823567041052691,13.015028343331943,69,93,29.528576189638013,4.878408395230394,79.0
2017,109,17,1076,4.3396714022125025,3.4872455792899975,11.459055095540336,93,69,33.13651410341524,7.62829614296472,69.0
2018,109,22,1225,10.151901149105564,8.662856431912383,6.0339289999720895,82,80,42.39325093490965,4.3396714022125025,93.0
2019,109,18,1005,7.304972274884689,5.799916538977385,18.585832088224734,85,77,24.248095560129325,10.151901149105564,82.0
2021,109,26,858,6.085611097798923,4.256978635166875,12.545868735741207,52,110,26.25063459765427,7.304972274884689,85.0
2022,109,21,861,3.9714736279041385,2.837895503418839,6.647574944390542,74,88,23.85065367655975,6.085611097798923,52.0
2023,109,19,1108,3.6141619940921434,2.5542057169197965,9.28362547930588,84,78,29.18826575377862,3.9714736279041385,74.0
2024,109,23,1107,8.046720205027244,7.308519133987107,17.810103732594264,89,73,38.41604768598557,3.6141619940921434,84.0
2025,109,28,1593,9.628352955282438,9.31243433090202,14.84330898730079,80,82,35.80678236309097,8.046720205027244,89.0
2015,110,24,921,4.025752467564971,2.8940217339259333,4.79844293447212,81,81,36.55551225309161,,
2016,110,16,516,2.6980515677561705,2.633606968916263,6.9352173197123435,89,73,33.72925010276043,4.025752467564971,81.0
2017,110,16,715,2.8560005669201707,2.7393682817788805,1.9084358843835156,75,87,38.00057574848292,2.6980515677561705,89.0
2018,110,20,1218,4.536468913633059,3.9345097048515774,6.125574272460055,47,115,20.171301257694488,2.8560005669201707,75.0
2019,110,22,1377,3.468182583037724,2.0507187248924432,7.665924532845493,54,108,8.40799904591699,4.536468913633059,47.0
2021,110,25,685,1.8965648742500902,1.1452034399026307,9.769934943953304,52,110,12.870850861191105,3.468182583037724,54.0
2022,110,17,832,4.3473995184164,2.9282265726919534,9.648840526173482,83,79,14.580315318061867,1.8965648742500902,52.0
2023,110,21,986,5.509481946247449,3.630268154740527,6.715092681081396,101,61,33.037881760721866,4.3473995184164,83.0
2024,110,23,1237,10.780425957252174,7.184993189534735,15.241869946863503,91,71,37.64829421390981,5.509481946247449,101.0
2025,110,39,1917,18.75485531882369,12.716421620633058,16.349699121816112,75,87,37.66699897003394,10.780425957252174,91.0
2015,111,23,896,10.70499751539728,7.854722152880938,19.558048873613068,78,84,37.70671335364603,,
2016,111,19,1020,5.503737534738288,4.315118080331532,10.90846565103544,93,69,43.739776493938095,10.70499751539728,78.0
2017,111,29,1553,10.207491867815026,8.793061387594957,13.659114665146516,93,69,48.09911488173151,5.503737534738288,93.0
2018,111,28,1406,10.097594779837156,8.214442942671043,15.809533355316638,108,54,53.775418720966016,10.207491867815026,93.0
2019,111,25,1337,9.067650331322598,6.149783730584153,10.948499911505849,84,78,52.5889007904443,10.097594779837156,108.0
2021,111,18,833,5.096373963541908,2.8604855903094695,1.510347414302168,92,70,42.789522463453984,9.067650331322598,84.0
2022,111,28,1209,12.913790771802976,7.193517774839269,17.32492784114159,78,84,37.91875668527264,5.096373963541908,92.0
2023,111,32,1452,9.011391329875902,6.090283797650214,20.24834166413924,78,84,33.607811030958764,12.913790771802976,78.0
2024,111,36,1767,12.025440803497926,9.014968343690235,14.223950994377685,81,81,27.40846751250372,9.011391329875902,78.0
2025,111,32,1828,13.403026685713504,10.147249812600858,15.73001565405768,89,73,35.437030183686375,12.025440803497926,81.0
2015,112,19,1067,5.193461205845402,2.5601702588569277,2.669227724175381,97,65,39.7421253085124,,
2016,112,21,1269,4.493477861899358,3.1861899584411884,4.373951419003047,103,58,51.417427406795966,5.193461205845402,97.0
2017,112,13,462,4.385441288510011,3.5013468801133154,13.516090529911589,92,70,54.92989524404686,4.493477861899358,103.0
2018,112,22,798,8.438011349778153,6.2253958471184845,5.703673111376232,95,68,47.84917432816384,4.385441288510011,92.0
2019,112,26,1033,5.182826433088786,4.484807671934276,7.824322243159642,84,78,47.48201753100948,8.438011349778153,95.0
2021,112,42,1448,4.308785105802846,2.942013522321145,12.29684236350497,71,91,21.43900719291663,5.182826433088786,84.0
2022,112,35,2003,7.816375200414293,5.538148522744008,9.768041846651032,74,88,28.42804213485747,4.308785105802846,71.0
2023,112,27,1286,4.853921193391248,3.115403198205575,13.323151305160433,83,79,35.3975087443997,7.816375200414293,74.0
2024,112,36,1650,5.727060044010689,4.982028563498779,24.43364177707226,83,79,30.571704015676115,4.853921193391248,83.0
2025,112,21,917,7.795380996487113,6.718815909674406,11.615545108056867,92,70,47.642569334045575,5.727060044010689,83.0
2015,113,21,1109,6.661477579486394,5.541528476076103,6.427781572945841,64,98,21.350212292792296,,
2016,113,22,1567,6.051613496600677,3.7899196058465185,10.592337253977304,68,94,21.692869148149885,6.661477579486394,64.0
2017,113,27,1398,5.567298956599641,3.535032841292118,6.717585772586596,68,94,21.87378274131991,6.051613496600677,68.0
2018,113,25,1640,3.8921353333176345,2.8433707874421206,5.786857547907814,67,95,24.48879086344772,5.567298956599641,68.0
2019,113,19,734,3.3250960768349676,3.0175407936559533,4.812596689621455,75,87,28.73508385409517,3.8921353333176345,67.0
2021,113,26,1006,5.001576750833285,3.0397593255410214,14.20965316812385,83,79,27.507865212557636,3.3250960768349676,75.0
2022,113,36,2021,7.244424636343293,4.286413498772607,19.31892636617118,62,100,15.434022985780173,5.001576750833285,83.0
2023,113,45,1943,9.120719413485812,4.577283996988377,13.197547387288967,82,80,20.265054589716723,7.244424636343293,62.0
2024,113,38,2012,13.446185396474794,7.263183524650252,18.072739000564127,77,85,31.562351677479548,9.120719413485812,82.0
2025,113,28,1440,7.105338195369697,4.695110067279808,20.876671266956528,83,79,37.124073012467385,13.446185396474794,77.0
2015,114,14,794,5.828185578232896,3.1792886936688443,10.677407645772856,81,80,34.86622211623489,,
2016,114,14,524,7.231277826955424,6.80777871490761,7.261545244554412,94,67,51.20277332844737,5.828185578232896,81.0
2017,114,22,693,7.2437714085682146,6.411408962124,18.52697258038228,102,60,52.656422964600964,7.231277826955424,94.0
2018,114,26,1313,9.662037307195861,8.564481302157386,15.495058091523113,91,71,47.508951783168804,7.2437714085682146,102.0
2019,114,22,1308,13.727047732198667,12.178095300904836,26.175959135248917,93,69,42.65221265470394,9.662037307195861,91.0
2021,114,15,569,5.869153066730524,4.244043185255245,19.751084744784247,80,82,27.079254474013535,13.727047732198667,93.0
2022,114,13,589,1.6160618020853137,1.150635770644071,7.3687256352861255,92,70,24.705438372980076,5.869153066730524,80.0
2023,114,18,599,5.69649155669851,4.434747521795906,17.74584216398982,76,86,35.85617348048354,1.6160618020853137,92.0
2024,114,20,947,7.939872780015705,6.406027884053841,9.954513361046594,92,69,39.83788383629577,5.69649155669851,76.0
2025,114,21,1332,9.92517153415751,5.784054986591905,2.6885851374525114,88,74,30.149162618712687,7.939872780015705,92.0
2015,115,25,1165,6.2306512703123405,4.549599080708267,20.082345479030984,68,94,20.847869621567714,,
2016,115,26,907,2.755208016946685,2.246799316068478,11.19901105331772,75,87,20.389127651251403,6.2306512703123405,68.0
2017,115,25,795,6.463002661283297,4.578608422241582,15.93460508628812,87,75,34.76966541036244,2.755208016946685,75.0
2018,115,23,1015,2.8254705145187846,2.1652575955558175,3.0488223089179223,91,72,39.01365697693008,6.463002661283297,87.0
2019,115,28,1175,6.297466744515266,5.623250004055645,13.270269693109151,71,91,36.23891219610527,2.8254705145187846,91.0
2021,115,18,594,0.7628360363336257,0.45745085716489653,8.355265036794687,74,87,18.651199639538888,6.297466744515266,71.0
2022,115,20,985,3.910297396687847,2.561851625220883,10.052940457760945,68,94,22.195506702547704,0.7628360363336257,74.0
2023,115,32,1637,9.978264594303559,7.675612514550093,18.17168694802313,59,103,17.56029412831817,3.910297396687847,68.0
2024,115,26,1123,6.798992520855561,4.820656805286915,4.428506637357815,61,101,20.520952905343403,9.978264594303559,59.0
2025,115,28,1321,4.861631160443485,4.144343606919518,3.565122312015963,43,119,11.440524381512343,6.798992520855561,61.0
2015,116,10,527,6.936023977305933,6.638764298436878,18.37153908128967,74,87,39.21005243180339,,
2016,116,15,433,3.746703270588843,3.0514981736303612,9.462546354862083,86,75,42.37553093297485,6.936023977305933,74.0
2017,116,13,303,2.4998759187228434,1.973535935889419,6.644051714320872,64,98,26.37149154094881,3.746703270588843,86.0
2018,116,22,692,4.945902657338772,4.588417099969353,13.069926626555164,64,98,14.425231212814545,2.4998759187228434,64.0
2019,116,26,1272,6.682113633996534,5.96714410513936,7.1342276990502,47,114,13.080713016062855,4.945902657338772,64.0
2021,116,33,1224,4.708214115190607,3.4685727741372396,13.29087703891785,77,85,14.87118021268791,6.682113633996534,47.0
2022,116,30,1553,9.628246370056404,6.189715918976914,21.561032908433422,66,96,25.420912489811407,4.708214115190607,77.0
2023,116,23,1263,7.338624415001372,3.5947063929181255,36.5004476132654,78,84,20.479650556829302,9.628246370056404,66.0
2024,116,18,623,3.5578634337560073,2.354199054063285,12.419829543364216,86,76,22.79669150590543,7.338624415001372,78.0
2025,116,26,1282,9.148926122086262,6.462707256218298,14.290462526816352,87,75,35.67502328049567,3.5578634337560073,86.0
2015,117,19,1255,7.655436329875298,3.5718043085325357,7.603901651405622,86,76,37.170671516444,,
2016,117,9,371,3.0867700418233683,2.322640491737712,14.449111283879667,84,78,39.54636127664663,7.655436329875298,86.0
2017,117,26,906,6.359413525721609,5.658401758727001,28.623944276495713,101,61,44.38748095529977,3.0867700418233683,84.0
2018,117,17,744,4.888715116726073,4.468078298998078,8.373650369890186,103,59,58.11149787960891,6.359413525721609,101.0
2019,117,19,850,10.732467331659818,9.037386060947474,16.54770549960496,107,55,54.57897754555444,4.888715116726073,103.0
2021,117,26,1172,8.576361812613358,5.620562500257874,14.152474709215001,95,67,46.80703276327354,10.732467331659818,107.0
2022,117,17,1006,7.253347151468724,4.509629378338266,9.86118483647778,106,56,50.2510565022965,8.576361812613358,95.0
2023,117,15,1045,11.432676319398134,8.195204803909398,7.180399605517782,90,72,46.972174710744056,7.253347151468724,106.0
2024,117,22,1587,14.623111056763705,10.958422327922824,8.147346010414267,88,73,47.28784321268928,11.432676319398134,90.0
2025,117,41,2519,14.644941148258901,10.765777895914681,6.75058316270557,87,75,44.92508623511519,14.623111056763705,88.0
2015,118,17,915,9.418741214206705,5.727081592267538,8.518346891568669,95,67,48.725504184312015,,
2016,118,16,970,9.45383700581895,6.942545629152444,5.978085283004661,81,81,36.604331606153494,9.418741214206705,95.0
2017,118,18,1121,3.9027358023706693,2.679052225837657,10.068483280238333,80,82,31.92640830487388,9.45383700581895,81.0
2018,118,20,1357,4.08414043872025,3.1523659136467703,8.435148645674163,58,104,15.125412770281569,3.9027358023706693,80.0
2019,118,15,811,2.86328698660811,2.3732062639177807,5.170427359585706,59,103,16.6623277072264,4.08414043872025,58.0
2021,118,25,876,4.961078126906813,2.9354681994277185,22.152849941469093,74,88,29.089145597032203,2.86328698660811,59.0
2022,118,22,1220,2.5379131260721355,1.660662742735984,5.461595386682236,65,97,22.450402655974553,4.961078126906813,74.0
2023,118,28,1648,5.114975745918998,3.590525535675847,8.036485797518994,56,106,16.712318287861663,2.5379131260721355,65.0
2024,118,22,1035,3.89298337925313,2.816790607246327,8.86414324282923,86,76,26.96983022511881,5.114975745918998,56.0
2025,118,27,1080,7.504213687258901,6.319448468950765,35.54278976128749,82,80,35.68730422113439,3.89298337925313,86.0
2015,119,27,1891,14.381332640998139,10.196716340653195,7.510228036477647,92,70,51.91023641216827,,
2016,119,35,2050,18.83113383774147,14.127881330758285,38.96303950865357,91,71,59.081414032554065,14.381332640998139,92.0
2017,119,44,1766,13.369367608663874,10.20866650508561,25.67711895310488,104,58,61.67522254619395,18.83113383774147,91.0
2018,119,41,1663,12.813166891882029,11.11907534886883,35.268512148504826,92,71,50.404750135184834,13.369367608663874,104.0
2019,119,28,843,7.620309819175953,6.145016410799622,21.54246658203516,106,56,51.30753278843555,12.813166891882029,92.0
2021,119,36,1418,11.042158573565226,6.928214089216017,24.30350798615144,106,56,57.11031992289379,7.620309819175953,106.0
2022,119,29,1552,12.962317670930736,7.817724669346781,37.49273164210954,111,51,61.67791122384401,11.042158573565226,106.0
2023,119,33,1982,15.516492191509622,10.044093308647291,14.79884659094718,100,62,44.71608274083195,12.962317670930736,111.0
2024,119,36,1963,18.45024408141917,13.10765682483032,31.608028421931746,98,64,66.36516780927128,15.516492191509622,100.0
2025,119,36,2154,16.227620259064267,11.473780672154732,44.47955660457234,93,69,64.04039783544982,18.45024408141917,98.0
2015,120,23,1150,12.627194763614456,9.570290389246878,13.227106288871394,83,79,62.90162457329325,,
2016,120,15,657,4.472795477298188,3.1806844325618684,15.511384790197232,95,67,43.286486619983776,12.627194763614456,83.0
2017,120,26,1223,9.980080702412575,8.936181995003057,22.37345118166539,97,65,45.42231705697653,4.472795477298188,95.0
2018,120,31,1796,10.513918745629992,8.910306223619477,19.330106850304123,82,80,44.10489734946827,9.980080702412575,97.0
2019,120,28,1204,6.393738997175178,5.547926250773321,12.332187206101842,93,69,50.77081463427165,10.513918745629992,82.0
2021,120,29,1315,7.304508546904938,4.738116529255726,10.561631341137002,65,97,23.53352128693737,6.393738997175178,93.0
2022,120,29,2379,7.222478897306555,3.5461364632548733,3.719570429662007,55,107,16.67456011340967,7.304508546904938,65.0
2023,120,26,2051,4.158572066090618,1.4709837541287998,4.674000403326184,71,91,6.058193093422004,7.222478897306555,55.0
2024,120,19,1179,2.2885294383364463,1.9763831232843543,17.645633850354862,71,91,10.875952696172112,4.158572066090618,71.0
2025,120,23,1346,4.527077045603147,3.075789542951075,11.880241470190503,66,96,16.023657977341966,2.2885294383364463,71.0
2015,121,26,1829,9.094501995627754,7.191744636118915,12.396710367603895,90,72,39.59969968003457,,
2016,121,20,1142,11.853086527990817,8.982779916365164,16.100893956849433,87,75,54.0623934990373,9.094501995627754,90.0
2017,121,29,1405,15.560704923636113,11.771966628898205,17.90945301887954,70,92,38.92009360440343,11.853086527990817,87.0
2018,121,30,1502,13.578264905615615,10.590729380909249,19.313157069064243,77,85,37.935362570391966,15.560704923636113,70.0
2019,121,31,1432,12.392096931426476,9.744867516363634,13.919951989035102,86,76,46.6713900377322,13.578264905615615,77.0
2021,121,42,1826,19.700458188420914,12.56171201984942,46.67217354236999,77,85,58.41634440771083,12.392096931426476,86.0
2022,121,32,1724,11.609172041568309,7.466528858093362,39.41763193446553,101,61,58.52767526949468,19.700458188420914,77.0
2023,121,26,1527,9.033895501444166,6.744680743098084,14.8665918891768,75,87,38.12821805376733,11.609172041568309,101.0
2024,121,25,1461,6.851946597872771,4.548169824474564,18.00045268814102,89,73,46.33687769222659,9.033895501444166,75.0
2025,121,32,1964,11.072159250810776,8.515300554483654,32.762149433816965,83,79,47.68057980634047,6.851946597872771,89.0
2015,133,23,1160,7.163725552641947,5.998122070550695,14.396919749189063,68,94,23.810247376952887,,
2016,133,26,2002,13.44672432311201,9.095301623869467,19.43080285688625,69,93,20.96714152727213,7.163725552641947,68.0
2017,133,29,2012,8.456055740564787,5.145923233444418,19.995750182289015,75,87,15.382332529565147,13.44672432311201,69.0
2018,133,27,1275,5.492295403366969,3.514035625798109,15.3944784855138,97,65,28.057590856890847,8.456055740564787,75.0
2019,133,21,1573,7.739511952699713,6.0136866513208,4.411456857798517,97,65,35.23776956504119,5.492295403366969,97.0
2021,133,21,708,4.511952120055279,3.060073402022055,6.076034453123047,86,76,35.35854474840562,7.739511952699713,97.0
2022,133,23,1280,2.6725396342952594,1.5381531905358465,4.603223345121055,60,102,7.166061618507239,4.511952120055279,86.0
2023,133,30,1450,3.7324464042605254,2.0763986303111905,18.308817628124945,50,112,9.611594072008781,2.6725396342952594,60.0
2024,133,29,1605,5.7301234672967185,3.6127976043729775,10.265799295143951,69,93,12.045031159080155,3.7324464042605254,50.0
2025,133,35,2152,5.604971367571783,3.8270549803226825,14.149470970723607,76,86,21.13308640594093,5.7301234672967185,69.0
2015,134,17,949,2.7402937031046894,2.3989841291418714,5.378004899353056,98,64,39.52838214515921,,
2016,134,25,1279,5.027894959063763,3.875012348072425,14.15904535958447,78,83,37.652157305804636,2.7402937031046894,98.0
2017,134,20,552,3.3549046833594702,2.9174306685841156,6.547955582259724,75,87,32.48791604426127,5.027894959063763,78.0
2018,134,21,892,3.4820678253122237,2.6182992214640723,10.379646172717752,82,79,26.067096916999684,3.3549046833594702,75.0
2019,134,36,2020,11.853470405385501,10.143932504658865,12.830121312492956,69,93,20.245506301511487,3.4820678253122237,82.0
2021,134,38,1193,1.7140619951835694,0.8338913615107417,1.6751673370495481,61,101,12.472498600438694,11.853470405385501,69.0
2022,134,33,1381,3.551961331128601,2.2014827616175934,9.175651994403307,62,100,11.151896361923145,1.7140619951835694,61.0
2023,134,29,1534,4.332863090659921,3.4113275592337295,3.6800191534450963,76,86,12.670445858869199,3.551961331128601,62.0
2024,134,38,2111,5.953290427582757,4.637208751661911,9.732559010914581,76,86,22.879392014869982,4.332863090659921,76.0
2025,134,23,1636,5.719951402014195,3.2173343631150306,6.493514747489952,71,91,19.40453305823558,5.953290427582757,76.0
2015,135,23,1600,9.925227660504099,3.385370878192871,4.516208824011003,74,88,38.99610346529824,,
2016,135,23,1833,11.545869903809121,6.156586840093585,7.0677147801329046,68,94,19.147379924754723,9.925227660504099,74.0
2017,135,25,1876,6.620935267898506,3.973426051292151,3.389420259001205,71,91,14.115573180254161,11.545869903809121,68.0
2018,135,29,1808,5.468150176408032,3.661345863793544,11.481092995629725,66,96,16.951987103486807,6.620935267898506,71.0
2019,135,24,1995,7.517999536542947,3.9959902510522323,11.372506594935562,70,92,28.829414061969697,5.468150176408032,66.0
2021,135,27,1378,11.58240591327899,6.583486751772148,10.841372262825686,79,83,48.83135425521616,7.517999536542947,70.0
2022,135,25,1393,11.934051761447813,7.6560603504994225,13.797412906440814,89,73,33.50789079679671,11.58240591327899,79.0
2023,135,34,1646,7.626848124820067,5.041033550806941,28.167251317964627,82,80,50.50292682166525,11.934051761447813,89.0
2024,135,20,1244,8.347157503232644,6.717452295811581,16.12478482525701,93,69,38.597076302321724,7.626848124820067,82.0
2025,135,25,1227,10.922610141071631,8.354334275858712,11.0030477940068,90,72,39.83874153146353,8.347157503232644,93.0
2015,136,10,628,3.573235595341058,2.5183977387711383,10.08895354598317,76,86,41.71354960417576,,
2016,136,20,1122,4.325845548954329,3.72124950038756,18.146824778631398,86,76,38.773173066237426,3.573235595341058,76.0
2017,136,25,1737,9.46789649766555,7.830498382223027,16.43982924292,78,84,35.481227723677094,4.325845548954329,86.0
2018,136,27,1274,8.610857422986209,7.365465550334918,11.741511726918045,89,73,36.70133212268094,9.46789649766555,78.0
2019,136,25,1191,4.328547659559828,4.11464434134924,7.7437901138463,68,94,15.798898959067843,8.610857422986209,89.0
2021,136,27,2015,6.954327108941959,4.219480830457602,14.411648290928499,90,72,20.468164133163537,4.328547659559828,68.0
2022,136,29,1578,8.730661378079736,4.443119635740395,10.155892894011282,90,72,32.510074329287995,6.954327108941959,90.0
2023,136,20,1329,5.903088812298719,3.9838101949315385,11.464074184112528,88,74,36.882512758770574,8.730661378079736,90.0
2024,136,23,1015,5.488662262974159,4.621062333767754,9.398249354585696,85,77,40.07060411542291,5.903088812298719,88.0
2025,136,18,996,6.727456584109364,5.679608045915209,11.57086348508173,90,72,38.78962059400579,5.488662262974159,85.0
2015,137,27,965,9.44237273840896,7.436929701055911,14.5454916693965,84,78,40.9595611932578,,
2016,137,22,997,5.994450900867916,3.99422947748859,3.047669338986599,87,75,45.12191762297215,9.44237273840896,84.0
2017,137,22,1100,7.539245912289818,7.409319729551612,14.442400462299249,64,98,40.516703069253765,5.994450900867916,87.0
2018,137,28,1464,10.646687174204079,10.081419977188604,9.017002452417524,73,89,34.624872846120326,7.539245912289818,64.0
2019,137,21,730,3.6484753341554663,2.6355064214120483,2.571956186097365,77,85,26.775220989572784,10.646687174204079,73.0
2021,137,43,1337,6.215937648765013,3.679767100133872,17.899911203680023,107,55,32.67100438566905,3.6484753341554663,77.0
2022,137,36,1103,9.594869856637473,6.53251281295437,11.363748558930872,81,81,33.330946417810644,6.215937648765013,107.0
2023,137,47,1529,9.4967082118743,6.418645857638913,10.134584689522043,79,83,40.77012128678482,9.594869856637473,81.0
2024,137,36,1706,10.384496385431698,8.162494985588298,13.400490362580681,80,82,29.73439969440519,9.4967082118743,79.0
2025,137,19,665,2.7885417513611492,2.049961562352468,8.335268634307251,81,81,28.964605095190326,10.384496385431698,80.0
2015,138,16,806,10.450792542761235,9.70833360592041,19.351881929626906,100,62,49.89117843502412,,
2016,138,21,1131,9.311719813136596,8.538048631556476,6.26550769299733,86,76,44.43886984964548,10.450792542761235,100.0
2017,138,22,769,4.921167853312262,3.7320007598092455,7.521547885235213,83,79,45.41573768371068,9.311719813136596,86.0
2018,138,37,1294,11.669298226795238,9.765855916834408,11.303729589631995,88,74,35.455667848252055,4.921167853312262,83.0
2019,138,21,694,5.047701157539792,4.534431631694534,5.5014624628059465,91,71,45.538108411850324,11.669298226795238,88.0
2021,138,29,1321,6.231003185182123,4.230018410567978,13.675189009942205,90,72,32.38397813822622,5.047701157539792,91.0
2022,138,21,1169,6.606910159018669,4.332129618833926,5.478591377833604,93,69,35.028837834045135,6.231003185182123,90.0
2023,138,29,1013,6.8504600642717675,5.297152112450313,12.446069490004094,71,91,35.19651781876573,6.606910159018669,93.0
2024,138,21,1018,7.874480991677222,7.380724741198044,12.331716660374733,83,79,39.109048274605996,6.8504600642717675,71.0
2025,138,18,574,2.7855598999474336,2.6739313201266257,3.4203805144593886,78,84,23.96615332976402,7.874480991677222,83.0
2015,139,25,1247,10.658692811576348,8.500970716739705,20.689001199559762,80,82,26.25935535549976,,
2016,139,21,638,6.685217236613402,4.394765639625818,4.551330615449913,68,94,34.84812555700331,10.658692811576348,80.0
2017,139,28,1743,12.318706252886374,10.559243984762926,13.18142077285542,80,82,32.599008503014765,6.685217236613402,68.0
2018,139,25,1296,4.152407041569387,2.9497833255801456,17.102105069484033,90,72,16.05846508607569,12.318706252886374,80.0
2019,139,30,1169,7.004443081436547,5.05866966389201,34.53311076190442,96,66,34.50135990613084,4.152407041569387,90.0
2021,139,38,1402,7.07407023901409,3.9991825947274857,26.553446271145223,100,62,30.67388207278361,7.004443081436547,96.0
2022,139,42,2385,16.26366139527176,10.143253467385279,20.76093640812552,86,76,41.691090582372,7.07407023901409,100.0
2023,139,31,1551,8.87950167252322,5.84664000602393,23.36980765045816,99,63,34.20072318554639,16.26366139527176,86.0
2024,139,24,1138,9.767777103963958,7.2209770446629715,21.735140043275607,80,82,23.364828572269875,8.87950167252322,99.0
2025,139,22,1360,7.946422236081554,5.712216600248819,9.445008073506761,77,85,20.22072376307521,9.767777103963958,80.0
2015,140,29,2142,18.82508449641332,9.58632697052716,16.6083581282161,88,74,39.45442558413965,,
2016,140,25,1478,13.875701872467214,7.846545811936171,25.741010457938792,95,67,42.365258677049766,18.82508449641332,88.0
2017,140,30,1656,10.113296953053045,7.08081581076444,10.053585037421087,78,84,34.150651536508136,13.875701872467214,95.0
2018,140,35,1784,5.3524559425970795,4.905317432853739,7.5935437892425215,67,95,22.766422235935764,10.113296953053045,78.0
2019,140,26,1717,2.8814263202897172,1.9744454545040195,6.022153025550959,78,84,18.576754052147347,5.3524559425970795,67.0
2021,140,20,1317,2.266646422062216,0.7649340867503052,4.003659395452508,60,102,6.521688503364012,2.8814263202897172,78.0
2022,140,32,1178,4.724299447382771,2.726003305554521,8.160068893703064,68,94,30.040985849380817,2.266646422062216,60.0
2023,140,26,1183,11.626161276843428,6.852169835454087,10.94311085166153,90,72,39.192706540409624,4.724299447382771,68.0
2024,140,32,1543,17.380316396486975,10.807683722859863,22.70321889982402,78,84,50.29734158839803,11.626161276843428,90.0
2025,140,39,1299,11.743099587498893,8.887619343513034,27.783248273359863,81,81,44.395333519676164,17.380316396486975,78.0
2015,141,12,854,5.518588190599609,3.689760477514902,5.113253921418011,93,69,37.68144155313636,,
2016,141,14,610,4.574554525971272,3.129747220146587,5.142935735428956,89,73,46.33647379942003,5.518588190599609,93.0
2017,141,32,1619,11.384306291952564,9.850162619615784,11.179822005850607,76,86,42.962547352413175,4.574554525971272,89.0
2018,141,29,1518,10.160471278953004,8.942150660835607,11.988900593695142,73,89,23.928365009473826,11.384306291952564,76.0
2019,141,26,1447,7.303561218785851,4.376951733443635,4.280560914788821,67,95,17.292246940040403,10.160471278953004,73.0
2021,141,33,1281,7.162018626423825,3.8983139359275603,12.234301024197515,91,71,37.02000382842163,7.303561218785851,67.0
2022,141,21,885,5.905169339369339,4.242752883615599,4.040510964139676,92,70,49.01662596890504,7.162018626423825,91.0
2023,141,20,766,6.63901063613756,4.531999553024558,10.269363683766718,89,73,57.73236222666931,5.905169339369339,92.0
2024,141,17,567,5.750636870083067,5.472329955400715,5.270226283843738,74,88,36.086905175208585,6.63901063613756,89.0
2025,141,26,1268,9.001431043294785,8.040562751000932,8.480167173968635,94,68,46.64275602366315,5.750636870083067,74.0
2015,142,19,723,3.285362856943329,3.086900079073237,5.274245832490673,83,79,36.15796059545806,,
2016,142,21,805,6.48139617529805,5.8931773125338385,7.9947961761406034,59,103,23.686297728074212,3.285362856943329,83.0
2017,142,19,942,4.5703366663632075,3.6365880677123728,4.186503768020266,85,77,28.277237351155033,6.48139617529805,59.0
2018,142,22,1110,10.630168163520631,9.9328691401558,1.8584902055551904,78,84,27.17422155338821,4.5703366663632075,85.0
2019,142,27,770,4.052664016845857,3.4033506554562845,9.202406898020419,101,61,36.805116373380066,10.630168163520631,78.0
2021,142,38,1367,7.27357496240506,4.232838575573009,20.144442959723182,73,89,36.06028798812282,4.052664016845857,101.0
2022,142,40,2104,13.310867504973963,9.039582995532411,36.25084477020027,78,84,38.31926180806786,7.27357496240506,73.0
2023,142,44,2363,14.608585778054207,9.014110535959926,17.097263762846914,87,75,50.927721336789986,13.310867504973963,78.0
2024,142,31,1408,10.503881438534277,6.53489146166248,19.341220184577963,82,80,39.67192099095915,14.608585778054207,87.0
2025,142,29,1040,6.644412893579928,5.345785634595085,26.752468642455668,70,92,26.48467684923278,10.503881438534277,82.0
2015,143,20,1150,10.16797836875814,6.091478668968787,2.604355733862344,63,99,11.908245691199628,,
2016,143,14,1142,3.4971196509700064,1.7937927912236182,10.668808191282766,71,91,16.57422710807347,10.16797836875814,63.0
2017,143,26,921,5.545609144702961,4.611935837170351,14.081929013968878,66,96,22.06040755855027,3.4971196509700064,71.0
2018,143,24,1027,4.118258528141689,3.4786014360033706,10.203735764407853,80,82,31.515409519617887,5.545609144702961,66.0
2019,143,30,1346,10.005512920824895,8.67307498779961,7.81669902707201,81,81,48.33243781522086,4.118258528141689,80.0
2021,143,32,974,5.706332527167546,3.623015677037608,11.676530948685706,82,80,39.518972521138124,10.005512920824895,81.0
2022,143,25,1207,5.856755531599185,4.376894722624639,14.336594907802418,87,75,41.339202409925804,5.706332527167546,82.0
2023,143,23,1264,5.10958694578912,3.8452264894293617,11.073908448043312,90,72,47.37484686619237,5.856755531599185,87.0
2024,143,24,1201,5.497533385168425,4.9050514564643075,11.798145210450778,95,67,45.13390152194388,5.10958694578912,90.0
2025,143,18,753,6.393469806324008,5.925593617381968,18.098966647235525,96,66,53.43747703419651,5.497533385168425,95.0
2015,144,17,1283,4.3524881196108325,3.9803638465913505,7.088246951695259,67,95,13.427768321649976,,
2016,144,27,1606,2.7276803246391115,2.1133810910193653,6.508091266696756,68,93,12.662940512874103,4.3524881196108325,67.0
2017,144,26,1548,3.4991171849081635,2.974377598451284,4.838498022379934,72,90,18.90617904016117,2.7276803246391115,68.0
2018,144,29,1585,3.5407313819629698,2.114742620870754,8.892016497630333,90,72,26.2890529390712,3.4991171849081635,72.0
2019,144,31,1353,5.979920055938848,5.244333330798133,7.689951576738404,97,65,48.574119695922164,3.5407313819629698,90.0
2021,144,21,996,7.028507147872231,4.200933804189798,14.872338170152446,88,73,41.08273079582669,5.979920055938848,97.0
2022,144,24,1570,9.82240267215713,5.8319187827516945,5.570292528010551,101,61,48.265206505487754,7.028507147872231,88.0
2023,144,30,1502,8.083967349221973,6.167096412151148,19.164784776041355,104,58,50.36945568910787,9.82240267215713,101.0
2024,144,21,1113,14.16035250842419,13.660946653205631,11.660069576966574,89,73,58.74312667090543,8.083967349221973,104.0
2025,144,23,921,11.739840622645303,9.503511473015273,23.344372129761837,76,86,49.123410175784514,14.16035250842419,89.0
2015,145,11,585,1.536555983297368,1.0245786463772948,1.8979071057820358,76,86,37.727318575807764,,
2016,145,16,959,4.3346030304175835,2.820064568901527,8.0524340954895,78,84,39.86918329031165,1.536555983297368,76.0
2017,145,24,1288,4.644828031333845,3.119748572634241,10.185301721350644,67,95,12.569435371666572,4.3346030304175835,78.0
2018,145,17,859,5.617470195279536,4.281779303956204,4.673973640121194,62,100,14.693097017106178,4.644828031333845,67.0
2019,145,24,1230,3.313979411766355,2.509428110278556,7.2010502031837405,72,89,19.507835951118267,5.617470195279536,62.0
2021,145,24,734,5.551610830759822,3.230797098345505,16.867346871700853,93,69,44.858857522859246,3.313979411766355,72.0
2022,145,33,1057,10.892829839590448,7.759698899462089,17.64929304289602,81,81,52.99086014347129,5.551610830759822,93.0
2023,145,28,982,5.769571103868367,4.224246868201184,6.706780497152855,61,101,28.020392668694857,10.892829839590448,81.0
2024,145,29,1783,7.941977841668135,5.629886867246701,4.2738380810932215,41,121,11.10511877218314,5.769571103868367,61.0
2025,145,46,2324,3.1471455730908944,2.7266604183448178,15.088250903711673,60,102,9.001402053076673,7.941977841668135,41.0
2015,146,24,1322,13.247932356450574,8.516509748716109,35.32771167396209,71,91,35.22782907468897,,
2016,146,16,1070,4.328155238823472,2.9248131634956844,5.773726873241859,79,82,34.09397561370651,13.247932356450574,71.0
2017,146,23,1043,6.441802896895891,5.773052769406093,10.294076109395535,77,85,28.872382330472032,4.328155238823472,79.0
2018,146,25,920,2.690724199381178,1.9380939177442993,12.783652909103406,63,98,13.223461956698737,6.441802896895891,77.0
2019,146,26,1473,2.581118062240493,1.8806073483408918,12.383145131441571,57,105,12.206249249271956,2.690724199381178,63.0
2021,146,33,1581,6.2653459829200475,4.1033563849779595,13.644811224558861,67,95,10.354895685384331,2.581118062240493,57.0
2022,146,37,1780,6.1960942626546025,3.988077673770562,20.67852474919044,69,93,31.217370607977003,6.2653459829200475,67.0
2023,146,31,1957,7.261469896576435,5.378488591282854,8.565330650929617,84,78,29.79640403167572,6.1960942626546025,69.0
2024,146,34,1839,9.90246851626788,8.631973410069621,21.19988014146542,62,100,9.42616009038326,7.261469896576435,84.0
2025,146,36,1690,5.477523112991509,3.80118032532957,20.757535245025604,79,83,10.526854117048666,9.90246851626788,62.0
2015,147,20,932,5.083687460788696,3.006152418704853,14.490391853686763,87,75,47.1216987347309,,
2016,147,18,1323,3.3439888514295806,2.35444000165954,2.7405333486690626,84,78,37.00316217500814,5.083687460788696,87.0
2017,147,24,802,5.471159361370715,4.616567868143976,15.76125168288721,91,71,32.43769907540212,3.3439888514295806,84.0
2018,147,26,1284,10.721982540345397,8.687977110954046,11.149858319810537,100,62,43.584062552373226,5.471159361370715,91.0
2019,147,40,2096,22.93792658820316,19.660953380286088,16.570390131272127,103,59,60.364258919094624,10.721982540345397,100.0
2021,147,29,1314,9.146998021381387,4.957099759201779,14.750890504235482,92,70,56.65935548047715,22.93792658820316,103.0
2022,147,32,1577,6.237146522045688,4.381811096503112,24.12147528535827,99,63,41.689434752099785,9.146998021381387,92.0
2023,147,40,2132,17.855261215751817,13.899120079783403,15.30180679534355,82,80,47.57328306073777,6.237146522045688,99.0
2024,147,27,1408,8.283544783984798,7.264120515763994,21.723908833431604,94,68,50.462101272903205,17.855261215751817,82.0
2025,147,27,1392,10.886644453196078,8.729950046458699,22.253702576838727,94,68,46.00284555526991,8.283544783984798,94.0
2015,158,15,513,3.5428983408748542,3.3378111393423686,2.663104322553002,68,94,22.8467608185675,,
2016,158,17,1210,1.6642189878403797,1.3990886924361003,8.895196773331845,73,89,11.85102045375566,3.5428983408748542,68.0
2017,158,21,1164,2.530568159930618,2.156783163161887,11.32196940436646,86,76,15.25011325051597,1.6642189878403797,73.0
2018,158,26,986,7.657565174426,7.1697378441945965,15.3494174547635,96,67,36.256755137451854,2.530568159930618,86.0
2019,158,20,1060,7.451802080423459,6.315133035305972,13.185509745095157,89,73,44.83425305927546,7.657565174426,96.0
2021,158,38,1087,5.156025983726264,3.646064806089408,8.111985429455435,95,67,41.78765089720313,7.451802080423459,89.0
2022,158,31,1197,4.750566998871304,3.5482859373152333,21.25039376727662,86,76,36.49203749867145,5.156025983726264,95.0
2023,158,33,1862,9.950374808126538,7.681610780408514,24.109196780190118,92,70,33.55553412058005,4.750566998871304,86.0
2024,158,33,2006,11.686400979263862,8.9622690029618,19.181837447650313,93,69,29.39391947225688,9.950374808126538,92.0
2025,158,29,1391,11.160958437014253,6.485891954880514,27.78884954568924,97,65,34.9118389878682,11.686400979263862,93.0
