test,contrast,n,n_pos,n_clusters,n_pos_clusters,auc_a,auc_b,dauc,ci_lo,ci_hi,p,folds,n_index_removed,q_bh
P1,P1_W0_vs_null_y30,47896,5339,1421,742,0.5673104827824035,0.5617138109930133,0.005596671789390162,0.0009011896006275944,0.010124756561643107,0.023,"[(2017, 'ran', 10491, 802), (2018, 'ran', 15863, 1324), (2019, 'ran', 21270, 1923), (2020, 'ran', 27324, 2520), (2021, 'ran', 28475, 2577), (2022, 'ran', 34071, 3323), (2023, 'ran', 39466, 3935), (2024, 'ran', 44966, 4607), (2025, 'ran', 50316, 5215), (2026, 'ran', 55665, 5799)]",,0.030666666666666665
P2,P2_W0M3_vs_null_y30,47896,5339,1421,742,0.5730275224278272,0.5617138109930133,0.011313711434813856,0.00550671014319252,0.016995158690661583,0.0005,"[(2017, 'ran', 10491, 802), (2018, 'ran', 15863, 1324), (2019, 'ran', 21270, 1923), (2020, 'ran', 27324, 2520), (2021, 'ran', 28475, 2577), (2022, 'ran', 34071, 3323), (2023, 'ran', 39466, 3935), (2024, 'ran', 44966, 4607), (2025, 'ran', 50316, 5215), (2026, 'ran', 55665, 5799)]",,0.001
P2_ablated,P2_W0M3_vs_null_y30_INDEX_ABLATED,46410,3853,1409,667,0.5914127560745525,0.5879911988209264,0.0034215572536260286,-0.0013041168153747646,0.008062536772112078,0.156,"[(2017, 'ran', 10273, 584), (2018, 'ran', 15502, 963), (2019, 'ran', 20745, 1398), (2020, 'ran', 26644, 1840), (2021, 'ran', 27772, 1874), (2022, 'ran', 33159, 2411), (2023, 'ran', 38386, 2855), (2024, 'ran', 43707, 3348), (2025, 'ran', 48886, 3785), (2026, 'ran', 54070, 4204)]",1704.0,
P3,P3_W0_vs_null_y30_shoulder,47896,1132,1421,259,0.5759176481380229,0.548004425952977,0.027913222185045883,0.013457971486653689,0.04302703022875092,0.0005,"[(2017, 'ran', 10491, 168), (2018, 'ran', 15863, 289), (2019, 'ran', 21270, 428), (2020, 'ran', 27324, 563), (2021, 'ran', 28475, 569), (2022, 'ran', 34071, 750), (2023, 'ran', 39466, 874), (2024, 'ran', 44966, 1026), (2025, 'ran', 50316, 1142), (2026, 'ran', 55665, 1263)]",,0.001
P3_ablated_TWIN_NEW,P3_W0_vs_null_y30_shoulder_INDEX_ABLATED,47579,815,1418,219,0.5816518185820669,0.5800328552244844,0.0016189633575824924,-0.00870902560463577,0.01237199914330987,0.769,"[(2017, 'ran', 10442, 119), (2018, 'ran', 15783, 209), (2019, 'ran', 21150, 308), (2020, 'ran', 27165, 404), (2021, 'ran', 28313, 407), (2022, 'ran', 33860, 539), (2023, 'ran', 39220, 628), (2024, 'ran', 44679, 739), (2025, 'ran', 49999, 825), (2026, 'ran', 55313, 911)]",366.0,
P4,P4_ladder_vs_null_y30,47896,5339,1421,742,0.5650223184028588,0.5617138109930133,0.0033085074098454514,-0.011020083129171335,0.018047329453686145,0.633,"[(2017, 'ran', 10491, 802), (2018, 'ran', 15863, 1324), (2019, 'ran', 21270, 1923), (2020, 'ran', 27324, 2520), (2021, 'ran', 28475, 2577), (2022, 'ran', 34071, 3323), (2023, 'ran', 39466, 3935), (2024, 'ran', 44966, 4607), (2025, 'ran', 50316, 5215), (2026, 'ran', 55665, 5799)]",,0.633
SENS_P1_PRE,P1_PRE_W0_vs_null_y30,47896,5339,1421,742,0.5609590439314419,0.5617138109930133,-0.0007547670615714042,-0.0037937045925466096,0.002276747376391547,0.635,"[(2017, 'ran', 10491, 802), (2018, 'ran', 15863, 1324), (2019, 'ran', 21270, 1923), (2020, 'ran', 27324, 2520), (2021, 'ran', 28475, 2577), (2022, 'ran', 34071, 3323), (2023, 'ran', 39466, 3935), (2024, 'ran', 44966, 4607), (2025, 'ran', 50316, 5215), (2026, 'ran', 55665, 5799)]",,
SENS_P3_elbow,W0_vs_null_y30_elbow,47896,1317,1421,314,0.5858079992543102,0.5843425143781737,0.0014654848761364025,-0.010345222980490006,0.012492175509245185,0.852,"[(2017, 'ran', 10491, 207), (2018, 'ran', 15863, 287), (2019, 'ran', 21270, 424), (2020, 'ran', 27324, 564), (2021, 'ran', 28475, 586), (2022, 'ran', 34071, 735), (2023, 'ran', 39466, 873), (2024, 'ran', 44966, 1020), (2025, 'ran', 50316, 1202), (2026, 'ran', 55665, 1400)]",,
SENS_P1_covid_as_written,P1_W0_vs_null_y30_asis,47896,5670,1421,763,0.5637869493882377,0.5580764452904841,0.005710504097753644,0.0012301315956034953,0.010096044345273208,0.014,"[(2017, 'ran', 10491, 802), (2018, 'ran', 15863, 1324), (2019, 'ran', 21270, 1923), (2020, 'ran', 27324, 2520), (2021, 'ran', 28475, 2586), (2022, 'ran', 34071, 3545), (2023, 'ran', 39466, 4266), (2024, 'ran', 44966, 4938), (2025, 'ran', 50316, 5546), (2026, 'ran', 55665, 6130)]",,
